{"cliprange": "lin_0.1", "cliprange_vf": -1, "ent_coef": 0.01, "learning_rate": "lin_2.5e-4", "n_envs": 8, "n_steps": 128, "n_timesteps": 10000000.0, "nminibatches": 4, "noptepochs": 4, "policy": "CnnPolicy", "vf_coef": 0.5}
frames,total_time,rmean,rmedian,rmin,rmax,rstd,lmean,lmedian,lmin,lmax,lstd
250880,257.1502766609192,-20.24,-20.0,-21,-17,0.9911609354691093,928.32,913.0,788,1159,102.91383580452145
501760,525.0107305049896,-16.24,-17.0,-21,-10,3.4441835026606817,1589.12,1548.0,1209,2145,230.35716963012027
752640,794.7287516593933,-10.24,-10.0,-16,-2,3.6362618167563237,2149.12,2070.0,1711,2877,293.15924955559564
1003520,1075.637981891632,-0.56,1.0,-11,12,5.838355932966061,2658.44,2692.0,1869,3335,343.9865206661447
1254400,1357.350669145584,17.12,17.0,10,21,2.7028873450441844,1907.88,1900.0,1655,2422,174.86985331954733
1505280,1625.880190372467,18.28,18.0,14,21,1.7092688495377197,1836.36,1816.0,1658,2164,121.22603020803741
1756160,1895.1654953956604,20.6,21.0,18,21,0.8,1685.0,1658.0,1651,1833,45.43566880766696
2007040,2163.318194627762,18.8,20.0,9,21,2.4657656011875906,1796.52,1754.0,1652,2243,131.53862398550473
2257920,2434.619373559952,20.28,21.0,16,21,1.3422369388450015,1696.68,1656.0,1650,1899,63.23399085934716
2508800,2699.673104763031,19.76,21.0,10,21,2.2852570971337123,1730.76,1672.0,1651,2221,126.66657964909291
2759680,2972.0260181427,20.96,21.0,20,21,0.19595917942265426,1661.84,1656.0,1650,1701,17.009832450673933
3010560,3236.8884999752045,20.2,21.0,16,21,1.3564659966250534,1700.68,1657.0,1651,1925,74.2631644895368
3261440,3501.261212825775,20.88,21.0,19,21,0.4308131845707603,1668.32,1655.0,1650,1787,36.77577463494141
3512320,3766.4181418418884,20.92,21.0,19,21,0.3919183588453085,1657.96,1653.0,1651,1750,18.911329937368233
3763200,4029.914808034897,20.2,21.0,17,21,1.0954451150103321,1719.96,1657.0,1650,2029,94.56108290412075
4014080,4297.803231716156,20.84,21.0,19,21,0.463033476111609,1664.36,1654.0,1650,1804,32.46768239342008
4264960,4562.613334178925,20.72,21.0,19,21,0.530659966456864,1678.24,1655.0,1650,1870,51.60951850191978
4515840,4825.848839044571,21.0,21.0,21,21,0.0,1653.52,1653.0,1650,1658,2.2112439937736403
4766720,5089.308975219727,20.84,21.0,19,21,0.463033476111609,1666.68,1655.0,1650,1873,44.47266126509634
