{"cliprange": "lin_0.1", "cliprange_vf": -1, "ent_coef": 0.01, "learning_rate": "lin_2.5e-4", "n_envs": 8, "n_steps": 128, "n_timesteps": 10000000.0, "nminibatches": 4, "noptepochs": 4, "policy": "CnnPolicy", "vf_coef": 0.5}
frames,total_time,rmean,rmedian,rmin,rmax,rstd,lmean,lmedian,lmin,lmax,lstd
250880,260.8635618686676,-20.2,-20.0,-21,-18,0.8944271909999159,963.76,964.0,783,1200,105.49816301718243
501760,528.4675929546356,-18.12,-19.0,-21,-14,1.9041008376659048,2142.4,2110.0,1369,3056,389.79399687527257
752640,814.4111626148224,-0.68,-6.0,-14,19,12.14156497326436,3281.68,3439.0,2227,4452,637.0887360485979
1003520,1111.2734503746033,14.84,16.0,3,20,4.662016730986709,2324.24,2178.0,1709,3789,532.103018596963
1254400,1402.8510038852692,15.68,18.0,3,20,5.182431861587762,2235.44,2085.0,1624,3467,541.037971310702
1505280,1698.117624759674,17.84,19.0,9,20,2.5562472493872734,2022.72,1983.0,1565,2876,302.2829826503636
1756160,1978.629424571991,18.56,19.0,14,21,2.2817537115122657,2182.16,2051.0,1592,3074,378.3006931000788
2007040,2259.970057487488,18.16,19.0,9,21,2.678507046845313,2027.52,2006.0,1619,2912,378.92512400209097
2257920,2536.642627954483,18.48,19.0,13,21,2.385288242540092,2253.48,2142.0,1619,3545,514.9146818648697
2508800,2823.5754945278168,18.48,19.0,12,21,2.3172397372736384,2263.64,2127.0,1613,3921,498.98031063359605
2759680,3116.9306082725525,18.36,19.0,11,21,2.5279240494919937,2332.76,2094.0,1575,4112,679.7093661264349
3010560,3408.6281836032867,18.72,19.0,11,21,2.088444397153058,2179.52,2093.0,1593,3932,450.7512946182185
3261440,3697.0524418354034,19.6,20.0,16,21,1.2328828005937953,1835.6,1780.0,1571,2341,244.75506123469643
3512320,3965.702008962631,20.0,20.0,17,21,1.0954451150103321,1999.44,2066.0,1570,3190,376.8573289721191
3763200,4250.03834438324,19.96,20.0,16,21,1.2483589227461789,2058.6,2069.0,1570,2981,314.8486620584563
4014080,4533.4607791900635,20.04,20.0,13,21,1.58694675399019,1920.4,2009.0,1570,2732,305.6710650356033
4264960,4813.834263801575,19.72,20.0,17,21,1.2172099243762353,1961.12,2037.0,1560,2652,326.5703379059402
4515840,5097.117649793625,19.68,20.0,16,21,1.1565465835840767,2109.56,2093.0,1571,3096,367.46037391805936
4766720,5386.418415307999,20.4,21.0,18,21,0.7483314773547883,2035.64,2050.0,1572,3283,494.6898729507205
