{"cliprange": "lin_0.1", "cliprange_vf": -1, "ent_coef": 0.01, "learning_rate": "lin_2.5e-4", "n_envs": 8, "n_steps": 128, "n_timesteps": 10000000.0, "nminibatches": 4, "noptepochs": 4, "policy": "CnnPolicy", "vf_coef": 0.5}
frames,total_time,rmean,rmedian,rmin,rmax,rstd,lmean,lmedian,lmin,lmax,lstd
250880,281.4430899620056,-20.68,-21.0,-21,-19,0.5455272678794343,803.24,760.0,755,957,58.49053256724544
501760,563.9613919258118,-19.6,-19.0,-21,-17,1.1661903789690602,987.28,983.0,791,1186,105.89637198695715
752640,849.5668456554413,-8.52,-9.0,-12,-5,2.2471315048301026,2122.32,2162.0,1816,2403,176.19187722480285
1003520,1143.8761999607086,-4.16,-6.0,-11,6,5.341760009584856,2642.0,2736.0,1997,3231,322.3805205033331
1254400,1445.678762435913,3.76,5.0,-6,10,4.31073079651235,3150.12,2984.0,2613,3703,363.1872596884422
1505280,1755.6170990467072,10.12,9.0,4,20,3.723654119275849,3002.96,2926.0,2597,3508,272.4081467210553
1756160,2053.952662229538,7.2,7.0,-2,18,3.63318042491699,3221.28,3332.0,2700,3681,313.42169931260344
2007040,2363.4200258255005,10.2,10.0,3,16,2.8,2895.36,2743.0,2609,3602,310.733696917473
2257920,2667.52743268013,9.84,10.0,1,20,4.822281617657766,2985.84,2926.0,2582,3538,303.7548590557853
2508800,2968.084596157074,9.32,9.0,3,18,3.596887543418615,3067.72,3075.0,2623,3512,283.84679247791405
2759680,3265.3962297439575,13.48,14.0,4,19,3.419005703417296,2955.52,2938.0,2394,3784,309.1910891342116
3010560,3567.2422087192535,19.0,20.0,14,21,1.7663521732655694,2777.96,2870.0,2361,3235,305.0596636725347
3261440,3866.7917528152466,19.24,20.0,17,21,1.1412274094149684,2819.88,2879.0,2373,3488,354.21624129901215
3512320,4165.72083234787,20.04,20.0,17,21,1.0384603988597734,2656.28,2418.0,2353,3404,342.46208782871133
3763200,4468.706079721451,20.4,21.0,18,21,0.8,2846.48,2868.0,2358,3216,285.61696308167694
4014080,4773.137981176376,20.68,21.0,19,21,0.6144916598294887,2596.04,2419.0,2358,3123,285.90508634859924
4264960,5071.872918128967,20.44,21.0,19,21,0.6374950980203692,2740.84,2863.0,2353,3125,268.8785123434002
4515840,5369.261470556259,20.68,21.0,19,21,0.5455272678794343,2626.4,2421.0,2344,3222,299.03391112046137
4766720,5668.6067678928375,20.6,21.0,19,21,0.7483314773547883,2653.24,2422.0,2362,3268,335.4216784884364
