{"cliprange": "lin_0.1", "cliprange_vf": -1, "ent_coef": 0.01, "learning_rate": "lin_2.5e-4", "n_envs": 8, "n_steps": 128, "n_timesteps": 10000000.0, "nminibatches": 4, "noptepochs": 4, "policy": "CnnPolicy", "vf_coef": 0.5}
frames,total_time,rmean,rmedian,rmin,rmax,rstd,lmean,lmedian,lmin,lmax,lstd
250880,257.76981830596924,-20.28,-21.0,-21,-18,0.9173875952943772,949.0,934.0,777,1307,127.44598855986013
501760,518.1883661746979,-18.52,-19.0,-21,-15,1.36,1620.16,1657.0,1304,2137,208.27398877440265
752640,788.3646967411041,-14.36,-15.0,-21,-6,4.068218283229158,2555.0,2506.0,1864,3416,406.50992607807257
1003520,1075.2917408943176,-11.24,-12.0,-19,-5,4.36605084716154,2759.96,2778.0,2007,3310,382.35402234055283
1254400,1352.4777817726135,3.4,4.0,-8,15,8.054812226240907,2527.44,2524.0,1919,2993,295.7346215781981
1505280,1622.543072462082,16.2,16.0,7,20,3.2984845004941286,2000.56,2046.0,1559,2876,343.43209867454146
1756160,1897.2576830387115,17.4,18.0,6,20,3.0199337741082997,2013.64,2041.0,1559,3092,305.6658149024846
2007040,2179.8752958774567,17.2,19.0,3,20,3.919183588453085,1944.32,1829.0,1559,3261,380.90111262636134
2257920,2461.4588301181793,19.28,20.0,17,20,0.8726969691708572,1794.68,1689.0,1559,2223,235.0778117985617
2508800,2734.9946229457855,18.16,19.0,12,20,2.3268863315598383,1938.4,2000.0,1560,2436,250.22358002394577
2759680,3007.506872177124,19.08,20.0,15,20,1.3541048703848606,1868.8,1992.0,1560,2040,177.73418354385294
3010560,3270.34832906723,18.36,19.0,11,20,2.1886982432487123,1920.32,2003.0,1559,2630,267.74132590991627
3261440,3543.8018238544464,19.4,20.0,14,21,1.3564659966250536,1875.92,1999.0,1559,2306,223.40849043847908
3512320,3813.0477805137634,16.48,19.0,-2,21,5.485398800451978,2064.68,1969.0,1559,3476,505.17028574531184
3763200,4097.637574195862,18.32,20.0,-4,21,4.780962246242904,2041.24,2029.0,1619,3228,296.8600047160277
4014080,4376.014029741287,17.68,19.0,3,21,3.8128204783335917,1977.52,1987.0,1560,3410,363.24912883584454
4264960,4660.762236833572,17.56,19.0,-4,20,4.750410508577127,2085.32,2056.0,1628,3172,294.0346537399971
4515840,4948.150838136673,19.04,20.0,12,21,1.9489484344127734,1901.68,1969.0,1560,2493,223.22665073866068
4766720,5221.185910224915,18.96,19.0,15,21,1.482700239428051,1872.48,1905.0,1561,2341,211.62232774449865
