{"lr_schedule": "constant", "n_envs": 16, "n_timesteps": 10000000.0, "policy": "CnnPolicy"}
frames,total_time,rmean,rmedian,rmin,rmax,rstd,lmean,lmedian,lmin,lmax,lstd
250000,207.8628261089325,-20.52,-21.0,-21,-19,0.64,852.68,845.0,778,969,47.78763019861939
500000,430.4263644218445,-20.24,-20.0,-21,-18,0.8616263691415207,935.88,918.0,787,1200,101.2013122444566
750000,656.1576323509216,-19.96,-20.0,-21,-17,1.0762899237658967,932.24,898.0,788,1212,108.96982334573184
1000000,884.208856344223,-20.16,-20.0,-21,-16,1.0461357464497616,949.16,931.0,776,1455,139.1289128829806
1250000,1112.3535208702087,-20.12,-20.0,-21,-16,1.0322790320451152,958.96,957.0,815,1233,110.36321126172436
1500000,1338.9629757404327,-20.32,-20.0,-21,-18,0.7332121111929345,942.96,908.0,781,1131,101.60373221491423
1750000,1565.1137118339539,-20.2,-20.0,-21,-19,0.8,934.44,942.0,773,1115,78.55397125543686
2000000,1787.593727350235,-19.84,-20.0,-21,-17,1.22245654319489,1004.96,991.0,837,1414,121.68335301100147
2250000,2014.3082661628723,-19.88,-20.0,-21,-18,0.9086253353280438,980.72,988.0,774,1305,119.32427079182172
2500000,2242.5714976787567,-20.0,-20.0,-21,-18,0.8,1010.4,995.0,816,1227,104.54817071570406
2750000,2468.082850217819,-19.44,-20.0,-21,-16,1.2026637102698328,1099.0,1087.0,817,1499,151.12908389850048
3000000,2694.9520094394684,-18.56,-18.0,-21,-16,1.576832267554162,1391.32,1395.0,999,1727,175.77206148873603
3250000,2923.030129432678,-17.24,-18.0,-21,-10,2.7753198013922646,1765.2,1767.0,1334,2163,175.34697031885094
3500000,3158.007800102234,-15.68,-16.0,-20,-9,3.246166970443757,1971.36,1893.0,1594,2759,280.131666185742
3750000,3398.988879442215,-16.2,-18.0,-21,-6,4.824935232725927,2058.64,1959.0,1570,2806,365.63160476085767
4000000,3640.3823573589325,-13.0,-11.0,-21,-6,5.261178575186362,2194.08,2355.0,1465,2817,390.1609842103641
4250000,3881.4714798927307,-15.16,-18.0,-20,-4,5.511297487887947,1942.24,1819.0,1368,2723,453.3940696568494
4500000,4122.688949108124,-11.68,-10.0,-21,-1,6.316454701808603,2167.44,2294.0,1101,2964,494.84107186045094
4750000,4365.76230096817,-12.84,-11.0,-21,-3,7.029537680388377,2155.4,2171.0,1432,2906,496.6630245951474
5000000,4607.912611484528,-10.4,-9.0,-21,3,8.653323061113575,2436.48,2448.0,1550,3512,649.3363455097827
