{"lr_schedule": "constant", "n_envs": 16, "n_timesteps": 10000000.0, "policy": "CnnPolicy"}
frames,total_time,rmean,rmedian,rmin,rmax,rstd,lmean,lmedian,lmin,lmax,lstd
250000,197.38602566719055,-20.6,-21.0,-21,-19,0.565685424949238,859.8,836.0,775,972,54.79854012653987
500000,406.3354513645172,-20.8,-21.0,-21,-20,0.4,830.2,821.0,774,939,38.83194561182842
750000,616.6526968479156,-20.16,-20.0,-21,-18,0.783836717690617,956.2,940.0,779,1183,102.20997994325212
1000000,830.8218224048615,-20.44,-21.0,-21,-19,0.6374950980203692,915.92,910.0,759,1126,87.5163618987901
1250000,1045.31276679039,-20.08,-20.0,-21,-17,1.1285388783732706,938.92,908.0,783,1285,121.76959226342183
1500000,1259.687928199768,-20.08,-20.0,-21,-17,0.9346657156438337,955.0,959.0,784,1212,106.06224587476922
1750000,1468.7922720909119,-19.72,-20.0,-21,-16,1.312097557348538,1036.56,1066.0,858,1320,129.4017248725843
2000000,1680.5763990879059,-20.0,-20.0,-21,-18,0.938083151964686,978.36,976.0,847,1160,81.93796677975357
2250000,1893.333423614502,-19.76,-20.0,-21,-17,1.2419339757008019,1033.72,999.0,835,1446,133.25750110218937
2500000,2108.8249971866608,-19.6,-20.0,-21,-17,1.0583005244258363,1120.48,1102.0,945,1373,117.53846008860248
2750000,2321.8804523944855,-18.84,-19.0,-21,-15,1.6656530250925612,1288.28,1301.0,942,1735,181.35258917368674
3000000,2537.6551892757416,-17.28,-18.0,-21,-12,2.126405417600322,1606.04,1622.0,1282,1924,190.71832214027052
3250000,2756.172045946121,-17.32,-18.0,-21,-13,2.2399999999999998,1778.6,1819.0,1346,2144,201.2806995218369
3500000,2975.7694277763367,-14.28,-14.0,-21,-3,4.359082472264089,2051.6,2100.0,1397,2700,331.2858584364869
3750000,3203.518423318863,-16.68,-17.0,-21,-8,3.2461669704437575,2029.36,2007.0,1541,2773,296.76197600096947
4000000,3429.7213480472565,-12.04,-11.0,-19,-5,4.886552977304145,2312.52,2391.0,1682,3133,414.086572590805
4250000,3662.467767238617,-13.4,-16.0,-20,2,5.979966555090421,2204.48,2056.0,1507,3380,497.058557516114
4500000,3896.7298634052277,-10.24,-10.0,-20,-3,5.338763901878411,2687.92,2790.0,1975,3579,494.77743845086553
4750000,4131.702868461609,-7.08,-6.0,-18,5,5.417896270694004,2654.04,2726.0,1395,3531,563.1336949606194
5000000,4366.577303886414,-4.04,-3.0,-21,7,6.971255267166739,2910.52,3248.0,815,3761,769.7435479430795
