{"lr_schedule": "constant", "n_envs": 16, "n_timesteps": 10000000.0, "policy": "CnnPolicy"}
frames,total_time,rmean,rmedian,rmin,rmax,rstd,lmean,lmedian,lmin,lmax,lstd
250000,204.8635368347168,-19.8,-20.0,-21,-18,1.131370849898476,960.76,922.0,809,1265,114.00360696048173
500000,428.0680282115936,-20.44,-21.0,-21,-18,0.6974238309665077,886.52,864.0,780,1164,78.96030395078276
750000,649.4940183162689,-20.04,-20.0,-21,-17,1.0384603988597734,966.96,956.0,790,1438,135.13562964666275
1000000,871.4665939807892,-20.32,-20.0,-21,-18,0.7858753081755401,950.92,951.0,815,1210,98.59408501527868
1250000,1092.8873829841614,-20.12,-20.0,-21,-19,0.7110555533852471,965.0,958.0,775,1194,107.14998833411043
1500000,1312.0875370502472,-20.2,-20.0,-21,-19,0.6928203230275509,909.6,916.0,780,1153,91.10697009559696
1750000,1531.7532963752747,-20.2,-20.0,-21,-19,0.6928203230275509,955.44,940.0,758,1247,119.95401785684379
2000000,1753.3915598392487,-20.36,-20.0,-21,-18,0.7418894796396563,905.0,876.0,788,1174,109.043844392978
2250000,1974.9715526103973,-20.12,-20.0,-21,-18,0.9086253353280438,986.76,986.0,816,1264,119.05335946540946
2500000,2196.8871505260468,-19.6,-20.0,-21,-17,1.131370849898476,1058.6,1062.0,860,1509,145.05474828491484
2750000,2420.3441400527954,-20.24,-20.0,-21,-19,0.7631513611335565,995.08,990.0,803,1215,88.64938578467422
3000000,2641.1574897766113,-18.84,-19.0,-21,-16,1.1892854997854805,1175.24,1191.0,958,1413,142.54999964924588
3250000,2861.1059708595276,-17.96,-18.0,-20,-15,1.1825396399275585,1379.16,1390.0,1154,1656,131.91138843936105
3500000,3082.8850111961365,-17.76,-17.0,-21,-13,1.8391302292116238,1645.44,1660.0,1282,2013,163.55111250003773
3750000,3311.476725578308,-18.0,-19.0,-21,-11,2.7712812921102037,1741.44,1750.0,1438,2179,208.08826588733922
4000000,3540.587880373001,-14.24,-13.0,-21,-7,4.23584702273347,2055.48,2130.0,1409,2614,314.6825854730445
4250000,3774.6552081108093,-14.96,-16.0,-21,-4,4.927311640235475,2011.2,2013.0,1586,2673,316.6331631399339
4500000,4011.7291605472565,-11.2,-9.0,-19,-1,6.1838499334961226,2131.64,2176.0,1487,2724,394.10748584618386
4750000,4247.287121295929,-8.32,-8.0,-14,-2,3.042630440917858,2337.72,2336.0,1914,2986,214.09689768887358
5000000,4484.754579782486,-5.84,-6.0,-15,2,3.3308257234505683,2574.48,2530.0,2066,2983,226.12830340317862
