{"cliprange": "lin_0.1", "cliprange_vf": -1, "ent_coef": 0.01, "learning_rate": "lin_2.5e-4", "n_envs": 8, "n_steps": 128, "n_timesteps": 10000000.0, "nminibatches": 4, "noptepochs": 4, "policy": "CnnPolicy", "vf_coef": 0.5}
frames,total_time,rmean,rmedian,rmin,rmax,rstd,lmean,lmedian,lmin,lmax,lstd
250880,281.29283380508423,-19.84,-20.0,-21,-17,1.0461357464497616,937.24,921.0,807,1145,91.49657042753023
501760,559.3142673969269,-15.84,-16.0,-20,-11,2.44425857879235,1784.56,1784.0,1320,2362,229.73481756146586
752640,849.5543551445007,-9.56,-9.0,-18,-3,4.0701842710128,2488.12,2339.0,1823,3427,429.52823609164506
1003520,1155.669418334961,-8.28,-8.0,-16,2,4.2191942358701615,2630.88,2643.0,1675,3359,424.871493042308
1254400,1459.4464392662048,4.52,6.0,-7,12,5.367457498667316,2981.32,2962.0,2420,3449,185.0419887485
1505280,1770.6767416000366,7.8,9.0,-5,15,5.6991227395100035,3028.04,3012.0,2555,3320,192.5837957877038
1756160,2086.7200968265533,10.44,9.0,4,17,4.481785358537376,2979.44,2989.0,2661,3248,172.6847022755635
2007040,2400.7847390174866,12.76,13.0,8,17,2.5024787711387284,2933.24,2906.0,2659,3253,141.61674477264333
2257920,2714.2397694587708,13.68,13.0,6,20,4.460672595024207,2814.68,2726.0,2435,3391,249.76624591805833
2508800,3019.5861835479736,14.72,13.0,8,21,3.995197116538807,2733.24,2711.0,2396,3147,216.9348805517453
2759680,3333.015669107437,16.32,16.0,9,21,3.246166970443757,2743.68,2942.0,2260,3443,373.22237017627975
3010560,3644.065215587616,16.24,15.0,9,21,3.5131752020074374,2703.28,2824.0,2187,3271,400.4847582617845
3261440,3945.3902609348297,16.0,16.0,10,21,2.592296279363144,2765.48,2882.0,2176,3325,365.7014213808855
3512320,4258.611433267593,18.16,19.0,14,21,2.708209740769721,2579.92,2398.0,2183,3179,349.42363056897
3763200,4567.859857797623,18.28,18.0,13,21,1.90829767070025,2392.28,2389.0,2237,2650,115.58080117389738
4014080,4862.045202970505,19.28,20.0,13,21,1.9903768487399567,2397.52,2405.0,2230,2787,120.54181681059896
4264960,5160.194234371185,19.0,20.0,13,21,2.0976176963403033,2438.68,2418.0,2177,2752,150.4584248222744
4515840,5460.313482046127,19.92,20.0,18,21,1.092520022699813,2414.68,2445.0,2215,2567,106.65785296920241
4766720,5759.726421356201,19.04,20.0,13,21,2.48965861113527,2472.28,2464.0,2229,2799,147.68033586093986
