{"lr_schedule": "constant", "n_envs": 16, "n_timesteps": 10000000.0, "policy": "CnnPolicy"}
frames,total_time,rmean,rmedian,rmin,rmax,rstd,lmean,lmedian,lmin,lmax,lstd
250000,202.1721224784851,-20.32,-20.0,-21,-18,0.7858753081755401,918.04,876.0,761,1152,104.14969227030869
500000,412.8832724094391,-19.8,-20.0,-21,-18,0.938083151964686,942.48,943.0,780,1153,96.53646772075308
750000,626.2985184192657,-20.24,-21.0,-21,-17,1.0307278981380101,916.92,924.0,759,1159,96.88422781856704
1000000,839.9626061916351,-20.48,-21.0,-21,-19,0.64,917.48,899.0,785,1246,113.74642675706345
1250000,1053.9527838230133,-20.2,-20.0,-21,-19,0.7483314773547883,961.0,944.0,817,1143,81.79926650037883
1500000,1263.8255333900452,-20.08,-20.0,-21,-18,0.8908422980528035,936.56,891.0,786,1239,119.15135920332591
1750000,1477.6496510505676,-20.28,-20.0,-21,-17,0.9600000000000001,942.32,896.0,780,1295,143.0895439925643
2000000,1692.4960539340973,-20.24,-20.0,-21,-18,0.8138795979750323,923.32,908.0,758,1187,113.55940119602604
2250000,1907.7817316055298,-19.92,-20.0,-21,-17,0.8908422980528035,960.96,942.0,816,1386,114.85172353952726
2500000,2121.1891112327576,-19.84,-20.0,-21,-18,1.0071742649611337,1056.12,1022.0,819,1322,140.54019211599223
2750000,2335.478369951248,-19.68,-20.0,-21,-16,1.3775340286178053,1063.92,1079.0,775,1511,181.06571624689198
3000000,2552.9254467487335,-19.36,-20.0,-21,-17,1.0910545357588686,1127.56,1117.0,910,1339,129.58983910785597
3250000,2767.5560851097107,-18.04,-18.0,-21,-15,1.482700239428051,1462.12,1432.0,1190,1713,143.33243038475277
3500000,2986.197860479355,-17.08,-18.0,-20,-11,2.3650792798551175,1705.76,1682.0,1334,2022,182.1492311265683
3750000,3203.2439324855804,-17.8,-19.0,-21,-7,3.54400902933387,1758.0,1680.0,1456,2552,281.5725838926794
4000000,3429.591794013977,-13.32,-13.0,-20,-5,4.154226763189511,2076.04,2099.0,1590,2498,256.8276433719704
4250000,3652.7717921733856,-15.68,-15.0,-21,-7,3.495368363992556,2039.84,2033.0,1610,2835,307.2568541139481
4500000,3880.5029175281525,-7.12,-7.0,-19,3,6.1078310389204455,2556.56,2667.0,1554,3365,485.9223049006909
4750000,4114.02058839798,-7.24,-7.0,-17,2,5.694067087767759,2618.32,2845.0,1720,3308,464.7218281940284
5000000,4348.831416130066,-5.64,-6.0,-16,1,3.4857423886454946,3101.28,3062.0,2295,3829,335.82739852489703
