{"lr_schedule": "constant", "n_envs": 16, "n_timesteps": 10000000.0, "policy": "CnnPolicy"}
frames,total_time,rmean,rmedian,rmin,rmax,rstd,lmean,lmedian,lmin,lmax,lstd
250000,208.03974413871765,-20.64,-21.0,-21,-20,0.48000000000000004,851.28,844.0,755,1040,79.48862560140287
500000,431.8579692840576,-20.44,-20.0,-21,-19,0.5713142742834281,892.28,895.0,780,1071,71.78886821785116
750000,655.4323041439056,-20.16,-20.0,-21,-19,0.7838367176906171,922.24,899.0,757,1103,97.25236449567691
1000000,878.7995030879974,-20.48,-21.0,-21,-17,0.9431860898041277,939.92,905.0,758,1286,122.96338316751049
1250000,1104.4063971042633,-20.44,-21.0,-21,-18,0.8039900496896712,902.0,890.0,776,1128,96.89210494152762
1500000,1328.2959084510803,-20.2,-20.0,-21,-19,0.7483314773547883,947.2,914.0,778,1270,122.4891831959051
1750000,1552.8934988975525,-20.32,-20.0,-21,-19,0.6764613810115105,931.8,954.0,774,1139,94.30970257614007
2000000,1775.3371982574463,-19.8,-20.0,-21,-17,1.0954451150103321,981.96,960.0,776,1254,103.95171186661624
2250000,1999.9478161334991,-19.8,-20.0,-21,-18,0.9797958971132712,964.92,958.0,816,1211,101.6196516427802
2500000,2223.2140758037567,-19.64,-20.0,-21,-17,1.195993311018084,1055.56,1070.0,844,1294,117.83380839131017
2750000,2451.0857994556427,-19.36,-20.0,-21,-17,1.0910545357588686,1095.0,1106.0,834,1430,139.2571721671814
3000000,2677.5021963119507,-18.48,-19.0,-21,-11,2.041959842896035,1479.72,1463.0,1259,1885,173.17656192452836
3250000,2907.9019021987915,-17.72,-18.0,-21,-13,2.1637005338077633,1631.04,1618.0,1267,2126,174.62817183948297
3500000,3140.7071311473846,-15.4,-14.0,-21,-9,3.9293765408777,1835.52,1912.0,1323,2288,277.26379063988867
3750000,3376.1129319667816,-16.6,-19.0,-21,-4,5.230678732248808,1807.12,1644.0,1356,2631,364.40859704458126
4000000,3615.231543779373,-12.44,-12.0,-21,-4,5.614837486517308,2256.28,2332.0,1639,3028,396.7512591032321
4250000,3860.2246329784393,-14.68,-18.0,-21,-3,6.423207921280457,1959.8,1742.0,1237,3015,563.5148977622508
4500000,4102.997038125992,-6.4,-3.0,-21,9,10.552724766618335,2545.44,2770.0,1441,3446,651.5216085441833
4750000,4353.862807273865,-2.2,-3.0,-21,20,14.034243834279067,2176.52,2133.0,1395,3336,540.5899088958284
5000000,4602.950330018997,-4.48,2.0,-19,18,12.778481912966031,2331.96,2255.0,1605,3490,565.5982659096472
